[
    {
        "pk": 10, 
        "model": "exercises.exercisecategory", 
        "fields": {
            "name": "Abs", 
            "language": 2
        }
    }, 
    {
        "pk": 1, 
        "model": "exercises.exercisecategory", 
        "fields": {
            "name": "Arme", 
            "language": 1
        }
    }, 
    {
        "pk": 8, 
        "model": "exercises.exercisecategory", 
        "fields": {
            "name": "Arms", 
            "language": 2
        }
    }, 
    {
        "pk": 12, 
        "model": "exercises.exercisecategory", 
        "fields": {
            "name": "Back", 
            "language": 2
        }
    }, 
    {
        "pk": 4, 
        "model": "exercises.exercisecategory", 
        "fields": {
            "name": "Bauch", 
            "language": 1
        }
    }, 
    {
        "pk": 2, 
        "model": "exercises.exercisecategory", 
        "fields": {
            "name": "Beine", 
            "language": 1
        }
    }, 
    {
        "pk": 7, 
        "model": "exercises.exercisecategory", 
        "fields": {
            "name": "Brust", 
            "language": 1
        }
    }, 
    {
        "pk": 14, 
        "model": "exercises.exercisecategory", 
        "fields": {
            "name": "Calves", 
            "language": 2
        }
    }, 
    {
        "pk": 11, 
        "model": "exercises.exercisecategory", 
        "fields": {
            "name": "Chest", 
            "language": 2
        }
    }, 
    {
        "pk": 9, 
        "model": "exercises.exercisecategory", 
        "fields": {
            "name": "Legs", 
            "language": 2
        }
    }, 
    {
        "pk": 3, 
        "model": "exercises.exercisecategory", 
        "fields": {
            "name": "R\u00fccken", 
            "language": 1
        }
    }, 
    {
        "pk": 5, 
        "model": "exercises.exercisecategory", 
        "fields": {
            "name": "Schultern", 
            "language": 1
        }
    }, 
    {
        "pk": 13, 
        "model": "exercises.exercisecategory", 
        "fields": {
            "name": "Shoulders", 
            "language": 2
        }
    }, 
    {
        "pk": 6, 
        "model": "exercises.exercisecategory", 
        "fields": {
            "name": "Waden", 
            "language": 1
        }
    }, 
    {
        "pk": 135, 
        "model": "exercises.exercise", 
        "fields": {
            "category": 1, 
            "muscles": [
                5
            ], 
            "description": "", 
            "name": "Ausfallschritt Trizepsdr\u00fccken \u00fc. Kopf, \u00df-Stange"
        }
    }, 
    {
        "pk": 5, 
        "model": "exercises.exercise", 
        "fields": {
            "category": 2, 
            "muscles": [
                8, 
                10
            ], 
            "description": "", 
            "name": "Ausfallschritte im Gehen"
        }
    }, 
    {
        "pk": 55, 
        "model": "exercises.exercise", 
        "fields": {
            "category": 2, 
            "muscles": [
                8, 
                10
            ], 
            "description": "", 
            "name": "Ausfallschritte stehend"
        }
    }, 
    {
        "pk": 77, 
        "model": "exercises.exercise", 
        "fields": {
            "category": 7, 
            "muscles": [
                4
            ], 
            "description": "", 
            "name": "Bankdr\u00fccken KH"
        }
    }, 
    {
        "pk": 15, 
        "model": "exercises.exercise", 
        "fields": {
            "category": 7, 
            "muscles": [
                4
            ], 
            "description": "", 
            "name": "Bankdr\u00fccken LH"
        }
    }, 
    {
        "pk": 38, 
        "model": "exercises.exercise", 
        "fields": {
            "category": 1, 
            "muscles": [
                5
            ], 
            "description": "", 
            "name": "Bankdr\u00fccken eng"
        }
    }, 
    {
        "pk": 22, 
        "model": "exercises.exercise", 
        "fields": {
            "category": 2, 
            "muscles": [
                11
            ], 
            "description": "", 
            "name": "Beinbeuger liegend"
        }
    }, 
    {
        "pk": 133, 
        "model": "exercises.exercise", 
        "fields": {
            "category": 2, 
            "muscles": [
                11
            ], 
            "description": "", 
            "name": "Beinbeuger sitzend"
        }
    }, 
    {
        "pk": 72, 
        "model": "exercises.exercise", 
        "fields": {
            "category": 2, 
            "muscles": [
                11
            ], 
            "description": "", 
            "name": "Beinbeuger stehend"
        }
    }, 
    {
        "pk": 35, 
        "model": "exercises.exercise", 
        "fields": {
            "category": 4, 
            "muscles": [
                6
            ], 
            "description": "", 
            "name": "Beinheben aufrecht"
        }
    }, 
    {
        "pk": 34, 
        "model": "exercises.exercise", 
        "fields": {
            "category": 4, 
            "muscles": [
                6
            ], 
            "description": "", 
            "name": "Beinheben liegend"
        }
    }, 
    {
        "pk": 6, 
        "model": "exercises.exercise", 
        "fields": {
            "category": 2, 
            "muscles": [
                10
            ], 
            "description": "", 
            "name": "Beinpresse"
        }
    }, 
    {
        "pk": 54, 
        "model": "exercises.exercise", 
        "fields": {
            "category": 2, 
            "muscles": [
                10
            ], 
            "description": "", 
            "name": "Beinpresse eng"
        }
    }, 
    {
        "pk": 39, 
        "model": "exercises.exercise", 
        "fields": {
            "category": 2, 
            "muscles": [], 
            "description": "", 
            "name": "Beinstrecker"
        }
    }, 
    {
        "pk": 69, 
        "model": "exercises.exercise", 
        "fields": {
            "category": 2, 
            "muscles": [], 
            "description": "", 
            "name": "Beinstrecker einbeinig"
        }
    }, 
    {
        "pk": 88, 
        "model": "exercises.exercise", 
        "fields": {
            "category": 8, 
            "muscles": [
                5
            ], 
            "description": "", 
            "name": "Bench press narrow grip"
        }
    }, 
    {
        "pk": 96, 
        "model": "exercises.exercise", 
        "fields": {
            "category": 11, 
            "muscles": [
                4
            ], 
            "description": "", 
            "name": "Benchpress barbells"
        }
    }, 
    {
        "pk": 97, 
        "model": "exercises.exercise", 
        "fields": {
            "category": 11, 
            "muscles": [
                4
            ], 
            "description": "", 
            "name": "Benchpress bumbbells"
        }
    }, 
    {
        "pk": 109, 
        "model": "exercises.exercise", 
        "fields": {
            "category": 12, 
            "muscles": [
                12
            ], 
            "description": "", 
            "name": "Bent over rowing"
        }
    }, 
    {
        "pk": 110, 
        "model": "exercises.exercise", 
        "fields": {
            "category": 12, 
            "muscles": [
                12
            ], 
            "description": "", 
            "name": "Bent over rowing reverse"
        }
    }, 
    {
        "pk": 129, 
        "model": "exercises.exercise", 
        "fields": {
            "category": 8, 
            "muscles": [
                1
            ], 
            "description": "", 
            "name": "Biceps curl with cable"
        }
    }, 
    {
        "pk": 80, 
        "model": "exercises.exercise", 
        "fields": {
            "category": 8, 
            "muscles": [
                1
            ], 
            "description": "", 
            "name": "Biceps curls with SZ-bar"
        }
    }, 
    {
        "pk": 74, 
        "model": "exercises.exercise", 
        "fields": {
            "category": 8, 
            "muscles": [
                1
            ], 
            "description": "", 
            "name": "Biceps curls with barbell"
        }
    }, 
    {
        "pk": 81, 
        "model": "exercises.exercise", 
        "fields": {
            "category": 8, 
            "muscles": [
                1
            ], 
            "description": "", 
            "name": "Biceps curls with dumbbell"
        }
    }, 
    {
        "pk": 44, 
        "model": "exercises.exercise", 
        "fields": {
            "category": 1, 
            "muscles": [
                1
            ], 
            "description": "", 
            "name": "Bizeps Curls mit \u00df-Stange "
        }
    }, 
    {
        "pk": 26, 
        "model": "exercises.exercise", 
        "fields": {
            "category": 1, 
            "muscles": [
                1
            ], 
            "description": "", 
            "name": "Bizeps KH-Curls"
        }
    }, 
    {
        "pk": 24, 
        "model": "exercises.exercise", 
        "fields": {
            "category": 1, 
            "muscles": [
                1
            ], 
            "description": "", 
            "name": "Bizeps LH-Curls"
        }
    }, 
    {
        "pk": 3, 
        "model": "exercises.exercise", 
        "fields": {
            "category": 1, 
            "muscles": [
                1
            ], 
            "description": "", 
            "name": "Bizeps am Kabel"
        }
    }, 
    {
        "pk": 30, 
        "model": "exercises.exercise", 
        "fields": {
            "category": 7, 
            "muscles": [
                4
            ], 
            "description": "", 
            "name": "Butterfly"
        }
    }, 
    {
        "pk": 98, 
        "model": "exercises.exercise", 
        "fields": {
            "category": 11, 
            "muscles": [
                4
            ], 
            "description": "", 
            "name": "Butterfly"
        }
    }, 
    {
        "pk": 52, 
        "model": "exercises.exercise", 
        "fields": {
            "category": 7, 
            "muscles": [
                4
            ], 
            "description": "", 
            "name": "Butterfly eng"
        }
    }, 
    {
        "pk": 99, 
        "model": "exercises.exercise", 
        "fields": {
            "category": 11, 
            "muscles": [
                4
            ], 
            "description": "", 
            "name": "Butterfly narrow grip"
        }
    }, 
    {
        "pk": 21, 
        "model": "exercises.exercise", 
        "fields": {
            "category": 5, 
            "muscles": [], 
            "description": "", 
            "name": "Butterfly reverse"
        }
    }, 
    {
        "pk": 124, 
        "model": "exercises.exercise", 
        "fields": {
            "category": 13, 
            "muscles": [
                2
            ], 
            "description": "", 
            "name": "Butterfly reverse"
        }
    }, 
    {
        "pk": 104, 
        "model": "exercises.exercise", 
        "fields": {
            "category": 14, 
            "muscles": [
                7
            ], 
            "description": "", 
            "name": "Calf raises on Hackenschmitt machine"
        }
    }, 
    {
        "pk": 4, 
        "model": "exercises.exercise", 
        "fields": {
            "category": 4, 
            "muscles": [
                6
            ], 
            "description": "", 
            "name": "Crunches"
        }
    }, 
    {
        "pk": 91, 
        "model": "exercises.exercise", 
        "fields": {
            "category": 10, 
            "muscles": [
                6
            ], 
            "description": "", 
            "name": "Crunches"
        }
    }, 
    {
        "pk": 33, 
        "model": "exercises.exercise", 
        "fields": {
            "category": 4, 
            "muscles": [
                6
            ], 
            "description": "", 
            "name": "Crunches am Seil"
        }
    }, 
    {
        "pk": 56, 
        "model": "exercises.exercise", 
        "fields": {
            "category": 4, 
            "muscles": [
                6
            ], 
            "description": "", 
            "name": "Crunches am Stuhl"
        }
    }, 
    {
        "pk": 51, 
        "model": "exercises.exercise", 
        "fields": {
            "category": 4, 
            "muscles": [
                6
            ], 
            "description": "", 
            "name": "Crunches an Maschine"
        }
    }, 
    {
        "pk": 32, 
        "model": "exercises.exercise", 
        "fields": {
            "category": 4, 
            "muscles": [
                6
            ], 
            "description": "", 
            "name": "Crunches an Negativbank"
        }
    }, 
    {
        "pk": 94, 
        "model": "exercises.exercise", 
        "fields": {
            "category": 10, 
            "muscles": [
                6
            ], 
            "description": "", 
            "name": "Crunches on machine"
        }
    }, 
    {
        "pk": 92, 
        "model": "exercises.exercise", 
        "fields": {
            "category": 10, 
            "muscles": [
                6
            ], 
            "description": "", 
            "name": "Crunches with cable"
        }
    }, 
    {
        "pk": 2, 
        "model": "exercises.exercise", 
        "fields": {
            "category": 1, 
            "muscles": [
                1
            ], 
            "description": "", 
            "name": "Curls"
        }
    }, 
    {
        "pk": 105, 
        "model": "exercises.exercise", 
        "fields": {
            "category": 12, 
            "muscles": [
                12
            ], 
            "description": "", 
            "name": "Deadlifts"
        }
    }, 
    {
        "pk": 121, 
        "model": "exercises.exercise", 
        "fields": {
            "category": 11, 
            "muscles": [
                4
            ], 
            "description": "", 
            "name": "Decline Benchpress"
        }
    }, 
    {
        "pk": 100, 
        "model": "exercises.exercise", 
        "fields": {
            "category": 11, 
            "muscles": [
                4
            ], 
            "description": "", 
            "name": "Decline bench press barbell"
        }
    }, 
    {
        "pk": 101, 
        "model": "exercises.exercise", 
        "fields": {
            "category": 11, 
            "muscles": [
                4
            ], 
            "description": "", 
            "name": "Decline bench press bumbbell"
        }
    }, 
    {
        "pk": 29, 
        "model": "exercises.exercise", 
        "fields": {
            "category": 1, 
            "muscles": [
                5
            ], 
            "description": "", 
            "name": "Dips"
        }
    }, 
    {
        "pk": 82, 
        "model": "exercises.exercise", 
        "fields": {
            "category": 8, 
            "muscles": [
                5
            ], 
            "description": "", 
            "name": "Dips"
        }
    }, 
    {
        "pk": 83, 
        "model": "exercises.exercise", 
        "fields": {
            "category": 8, 
            "muscles": [
                5
            ], 
            "description": "", 
            "name": "Dips between two benches"
        }
    }, 
    {
        "pk": 68, 
        "model": "exercises.exercise", 
        "fields": {
            "category": 1, 
            "muscles": [
                5
            ], 
            "description": "", 
            "name": "Dips zwischen 2 B\u00e4nke"
        }
    }, 
    {
        "pk": 112, 
        "model": "exercises.exercise", 
        "fields": {
            "category": 9, 
            "muscles": [
                10
            ], 
            "description": "", 
            "name": "Dumbbell lunges standing"
        }
    }, 
    {
        "pk": 113, 
        "model": "exercises.exercise", 
        "fields": {
            "category": 9, 
            "muscles": [
                10
            ], 
            "description": "", 
            "name": "Dumbbell lunges walking"
        }
    }, 
    {
        "pk": 87, 
        "model": "exercises.exercise", 
        "fields": {
            "category": 8, 
            "muscles": [
                1
            ], 
            "description": "", 
            "name": "Dumbbells on scott machine"
        }
    }, 
    {
        "pk": 11, 
        "model": "exercises.exercise", 
        "fields": {
            "category": 3, 
            "muscles": [], 
            "description": "", 
            "name": "Einarmiges rudern KH"
        }
    }, 
    {
        "pk": 18, 
        "model": "exercises.exercise", 
        "fields": {
            "category": 7, 
            "muscles": [
                4
            ], 
            "description": "", 
            "name": "Fliegende KH Flachbank"
        }
    }, 
    {
        "pk": 73, 
        "model": "exercises.exercise", 
        "fields": {
            "category": 7, 
            "muscles": [
                4
            ], 
            "description": "", 
            "name": "Fliegende KH Schr\u00e4gbank"
        }
    }, 
    {
        "pk": 122, 
        "model": "exercises.exercise", 
        "fields": {
            "category": 11, 
            "muscles": [
                4
            ], 
            "description": "", 
            "name": "Fly with cable"
        }
    }, 
    {
        "pk": 84, 
        "model": "exercises.exercise", 
        "fields": {
            "category": 8, 
            "muscles": [
                5
            ], 
            "description": "", 
            "name": "French press (skullcrusher) SZ-bar"
        }
    }, 
    {
        "pk": 85, 
        "model": "exercises.exercise", 
        "fields": {
            "category": 8, 
            "muscles": [
                5
            ], 
            "description": "", 
            "name": "French press (skullcrusher) dumbbells"
        }
    }, 
    {
        "pk": 58, 
        "model": "exercises.exercise", 
        "fields": {
            "category": 1, 
            "muscles": [
                5
            ], 
            "description": "", 
            "name": "Frenchpress KH"
        }
    }, 
    {
        "pk": 25, 
        "model": "exercises.exercise", 
        "fields": {
            "category": 1, 
            "muscles": [
                5
            ], 
            "description": "", 
            "name": "Frenchpress \u00df-Stange"
        }
    }, 
    {
        "pk": 19, 
        "model": "exercises.exercise", 
        "fields": {
            "category": 5, 
            "muscles": [], 
            "description": "", 
            "name": "Frontdr\u00fccken KH"
        }
    }, 
    {
        "pk": 65, 
        "model": "exercises.exercise", 
        "fields": {
            "category": 5, 
            "muscles": [], 
            "description": "", 
            "name": "Frontheben am Kabel"
        }
    }, 
    {
        "pk": 10, 
        "model": "exercises.exercise", 
        "fields": {
            "category": 3, 
            "muscles": [
                12
            ], 
            "description": "", 
            "name": "Frontziehen breit"
        }
    }, 
    {
        "pk": 12, 
        "model": "exercises.exercise", 
        "fields": {
            "category": 3, 
            "muscles": [
                12
            ], 
            "description": "", 
            "name": "Frontziehen eng"
        }
    }, 
    {
        "pk": 50, 
        "model": "exercises.exercise", 
        "fields": {
            "category": 3, 
            "muscles": [], 
            "description": "", 
            "name": "Good Mornings"
        }
    }, 
    {
        "pk": 116, 
        "model": "exercises.exercise", 
        "fields": {
            "category": 9, 
            "muscles": [
                11
            ], 
            "description": "", 
            "name": "Good mornings"
        }
    }, 
    {
        "pk": 46, 
        "model": "exercises.exercise", 
        "fields": {
            "category": 1, 
            "muscles": [
                1
            ], 
            "description": "", 
            "name": "Hammercurls"
        }
    }, 
    {
        "pk": 86, 
        "model": "exercises.exercise", 
        "fields": {
            "category": 8, 
            "muscles": [
                1
            ], 
            "description": "", 
            "name": "Hammercurls"
        }
    }, 
    {
        "pk": 134, 
        "model": "exercises.exercise", 
        "fields": {
            "category": 1, 
            "muscles": [
                1
            ], 
            "description": "", 
            "name": "Hammercurls am Seil"
        }
    }, 
    {
        "pk": 60, 
        "model": "exercises.exercise", 
        "fields": {
            "category": 3, 
            "muscles": [], 
            "description": "", 
            "name": "Hyperextensions"
        }
    }, 
    {
        "pk": 128, 
        "model": "exercises.exercise", 
        "fields": {
            "category": 12, 
            "muscles": [
                9
            ], 
            "description": "", 
            "name": "Hyperextensions"
        }
    }, 
    {
        "pk": 28, 
        "model": "exercises.exercise", 
        "fields": {
            "category": 1, 
            "muscles": [
                1
            ], 
            "description": "", 
            "name": "KH an Scottmaschine"
        }
    }, 
    {
        "pk": 71, 
        "model": "exercises.exercise", 
        "fields": {
            "category": 7, 
            "muscles": [
                4
            ], 
            "description": "", 
            "name": "Kabelcross"
        }
    }, 
    {
        "pk": 36, 
        "model": "exercises.exercise", 
        "fields": {
            "category": 3, 
            "muscles": [
                12
            ], 
            "description": "", 
            "name": "Klimmz\u00fcge"
        }
    }, 
    {
        "pk": 48, 
        "model": "exercises.exercise", 
        "fields": {
            "category": 3, 
            "muscles": [
                12
            ], 
            "description": "", 
            "name": "Klimmz\u00fcge an Maschine"
        }
    }, 
    {
        "pk": 7, 
        "model": "exercises.exercise", 
        "fields": {
            "category": 2, 
            "muscles": [
                10
            ], 
            "description": "", 
            "name": "Kniebeuge"
        }
    }, 
    {
        "pk": 9, 
        "model": "exercises.exercise", 
        "fields": {
            "category": 3, 
            "muscles": [
                8, 
                12, 
                10
            ], 
            "description": "", 
            "name": "Kreuzheben"
        }
    }, 
    {
        "pk": 117, 
        "model": "exercises.exercise", 
        "fields": {
            "category": 9, 
            "muscles": [
                11
            ], 
            "description": "", 
            "name": "Leg curls (sitting)"
        }
    }, 
    {
        "pk": 118, 
        "model": "exercises.exercise", 
        "fields": {
            "category": 9, 
            "muscles": [
                11
            ], 
            "description": "", 
            "name": "Leg curls (standing)"
        }
    }, 
    {
        "pk": 130, 
        "model": "exercises.exercise", 
        "fields": {
            "category": 9, 
            "muscles": [
                10
            ], 
            "description": "", 
            "name": "Leg press on Hackenschmidt machine"
        }
    }, 
    {
        "pk": 115, 
        "model": "exercises.exercise", 
        "fields": {
            "category": 9, 
            "muscles": [
                10
            ], 
            "description": "", 
            "name": "Leg presses (narrow)"
        }
    }, 
    {
        "pk": 114, 
        "model": "exercises.exercise", 
        "fields": {
            "category": 9, 
            "muscles": [
                10
            ], 
            "description": "", 
            "name": "Leg presses (wide)"
        }
    }, 
    {
        "pk": 125, 
        "model": "exercises.exercise", 
        "fields": {
            "category": 10, 
            "muscles": [
                6
            ], 
            "description": "", 
            "name": "Leg raises, lying"
        }
    }, 
    {
        "pk": 126, 
        "model": "exercises.exercise", 
        "fields": {
            "category": 10, 
            "muscles": [
                6
            ], 
            "description": "", 
            "name": "Leg raises, standing"
        }
    }, 
    {
        "pk": 37, 
        "model": "exercises.exercise", 
        "fields": {
            "category": 3, 
            "muscles": [
                12
            ], 
            "description": "", 
            "name": "Long-Pulley"
        }
    }, 
    {
        "pk": 136, 
        "model": "exercises.exercise", 
        "fields": {
            "category": 3, 
            "muscles": [
                12
            ], 
            "description": "", 
            "name": "Long-Pulley (eng)"
        }
    }, 
    {
        "pk": 49, 
        "model": "exercises.exercise", 
        "fields": {
            "category": 3, 
            "muscles": [
                12
            ], 
            "description": "", 
            "name": "MGM-Maschine"
        }
    }, 
    {
        "pk": 43, 
        "model": "exercises.exercise", 
        "fields": {
            "category": 5, 
            "muscles": [], 
            "description": "", 
            "name": "Nackenziehen"
        }
    }, 
    {
        "pk": 17, 
        "model": "exercises.exercise", 
        "fields": {
            "category": 7, 
            "muscles": [
                4
            ], 
            "description": "", 
            "name": "Negativ Bankdr\u00fccken"
        }
    }, 
    {
        "pk": 93, 
        "model": "exercises.exercise", 
        "fields": {
            "category": 10, 
            "muscles": [
                6
            ], 
            "description": "", 
            "name": "Negative crunches"
        }
    }, 
    {
        "pk": 107, 
        "model": "exercises.exercise", 
        "fields": {
            "category": 12, 
            "muscles": [
                4
            ], 
            "description": "", 
            "name": "Pull-ups"
        }
    }, 
    {
        "pk": 42, 
        "model": "exercises.exercise", 
        "fields": {
            "category": 5, 
            "muscles": [], 
            "description": "", 
            "name": "Rudern aufgelegt"
        }
    }, 
    {
        "pk": 79, 
        "model": "exercises.exercise", 
        "fields": {
            "category": 5, 
            "muscles": [
                9
            ], 
            "description": "", 
            "name": "Rudern aufrecht MP"
        }
    }, 
    {
        "pk": 62, 
        "model": "exercises.exercise", 
        "fields": {
            "category": 5, 
            "muscles": [], 
            "description": "", 
            "name": "Rudern aufrecht \u00df-Stange"
        }
    }, 
    {
        "pk": 59, 
        "model": "exercises.exercise", 
        "fields": {
            "category": 3, 
            "muscles": [
                12
            ], 
            "description": "", 
            "name": "Rudern vorgebeugt LH"
        }
    }, 
    {
        "pk": 70, 
        "model": "exercises.exercise", 
        "fields": {
            "category": 3, 
            "muscles": [
                12
            ], 
            "description": "", 
            "name": "Rudern vorgebeugt LH reverse"
        }
    }, 
    {
        "pk": 64, 
        "model": "exercises.exercise", 
        "fields": {
            "category": 4, 
            "muscles": [
                6
            ], 
            "description": "", 
            "name": "Rumpfbeugen"
        }
    }, 
    {
        "pk": 16, 
        "model": "exercises.exercise", 
        "fields": {
            "category": 7, 
            "muscles": [
                4
            ], 
            "description": "", 
            "name": "Schr\u00e4gbankdr\u00fccken KH"
        }
    }, 
    {
        "pk": 41, 
        "model": "exercises.exercise", 
        "fields": {
            "category": 7, 
            "muscles": [
                4
            ], 
            "description": "", 
            "name": "Schr\u00e4gbankdr\u00fccken LH"
        }
    }, 
    {
        "pk": 61, 
        "model": "exercises.exercise", 
        "fields": {
            "category": 7, 
            "muscles": [
                4
            ], 
            "description": "", 
            "name": "Schr\u00e4gbankdr\u00fccken MP"
        }
    }, 
    {
        "pk": 66, 
        "model": "exercises.exercise", 
        "fields": {
            "category": 5, 
            "muscles": [], 
            "description": "", 
            "name": "Schulterdr\u00fccken MP"
        }
    }, 
    {
        "pk": 78, 
        "model": "exercises.exercise", 
        "fields": {
            "category": 5, 
            "muscles": [
                9
            ], 
            "description": "", 
            "name": "Schulterheben KH"
        }
    }, 
    {
        "pk": 67, 
        "model": "exercises.exercise", 
        "fields": {
            "category": 5, 
            "muscles": [], 
            "description": "", 
            "name": "Schulterheben MP"
        }
    }, 
    {
        "pk": 53, 
        "model": "exercises.exercise", 
        "fields": {
            "category": 5, 
            "muscles": [], 
            "description": "", 
            "name": "Schultermaschine"
        }
    }, 
    {
        "pk": 108, 
        "model": "exercises.exercise", 
        "fields": {
            "category": 12, 
            "muscles": [
                12
            ], 
            "description": "", 
            "name": "Seated Rowing"
        }
    }, 
    {
        "pk": 20, 
        "model": "exercises.exercise", 
        "fields": {
            "category": 5, 
            "muscles": [], 
            "description": "", 
            "name": "Seitheben KH"
        }
    }, 
    {
        "pk": 132, 
        "model": "exercises.exercise", 
        "fields": {
            "category": 5, 
            "muscles": [
                2
            ], 
            "description": "", 
            "name": "Seitheben am Kabel, einarmig"
        }
    }, 
    {
        "pk": 119, 
        "model": "exercises.exercise", 
        "fields": {
            "category": 13, 
            "muscles": [
                2
            ], 
            "description": "", 
            "name": "Shoulder press, barbells"
        }
    }, 
    {
        "pk": 123, 
        "model": "exercises.exercise", 
        "fields": {
            "category": 13, 
            "muscles": [
                2
            ], 
            "description": "", 
            "name": "Shoulder press, dumbbells"
        }
    }, 
    {
        "pk": 120, 
        "model": "exercises.exercise", 
        "fields": {
            "category": 13, 
            "muscles": [
                2
            ], 
            "description": "", 
            "name": "Shrugs"
        }
    }, 
    {
        "pk": 8, 
        "model": "exercises.exercise", 
        "fields": {
            "category": 5, 
            "muscles": [
                2
            ], 
            "description": "", 
            "name": "Shrugs (Schulterheben) mit KH"
        }
    }, 
    {
        "pk": 137, 
        "model": "exercises.exercise", 
        "fields": {
            "category": 5, 
            "muscles": [
                2
            ], 
            "description": "", 
            "name": "Shrugs (Schulterheben) mit LH"
        }
    }, 
    {
        "pk": 57, 
        "model": "exercises.exercise", 
        "fields": {
            "category": 4, 
            "muscles": [
                6
            ], 
            "description": "", 
            "name": "Sit Ups"
        }
    }, 
    {
        "pk": 95, 
        "model": "exercises.exercise", 
        "fields": {
            "category": 10, 
            "muscles": [
                6
            ], 
            "description": "", 
            "name": "Sit-ups"
        }
    }, 
    {
        "pk": 103, 
        "model": "exercises.exercise", 
        "fields": {
            "category": 14, 
            "muscles": [
                7
            ], 
            "description": "", 
            "name": "Sitting calf raises"
        }
    }, 
    {
        "pk": 111, 
        "model": "exercises.exercise", 
        "fields": {
            "category": 9, 
            "muscles": [
                10
            ], 
            "description": "", 
            "name": "Squats"
        }
    }, 
    {
        "pk": 102, 
        "model": "exercises.exercise", 
        "fields": {
            "category": 14, 
            "muscles": [
                7
            ], 
            "description": "", 
            "name": "Standing calf raises"
        }
    }, 
    {
        "pk": 76, 
        "model": "exercises.exercise", 
        "fields": {
            "category": 3, 
            "muscles": [
                12
            ], 
            "description": "", 
            "name": "T-Bar rudern (breit)"
        }
    }, 
    {
        "pk": 106, 
        "model": "exercises.exercise", 
        "fields": {
            "category": 12, 
            "muscles": [
                12
            ], 
            "description": "", 
            "name": "T-bar rowing"
        }
    }, 
    {
        "pk": 89, 
        "model": "exercises.exercise", 
        "fields": {
            "category": 8, 
            "muscles": [
                5
            ], 
            "description": "", 
            "name": "Triceps extensions on cable"
        }
    }, 
    {
        "pk": 90, 
        "model": "exercises.exercise", 
        "fields": {
            "category": 8, 
            "muscles": [
                5
            ], 
            "description": "", 
            "name": "Triceps extensions on cable with bar"
        }
    }, 
    {
        "pk": 1, 
        "model": "exercises.exercise", 
        "fields": {
            "category": 1, 
            "muscles": [
                5
            ], 
            "description": "", 
            "name": "Trizeps Seildr\u00fccken"
        }
    }, 
    {
        "pk": 63, 
        "model": "exercises.exercise", 
        "fields": {
            "category": 1, 
            "muscles": [
                5
            ], 
            "description": "", 
            "name": "Trizeps Seildr\u00fccken mit Stange"
        }
    }, 
    {
        "pk": 45, 
        "model": "exercises.exercise", 
        "fields": {
            "category": 1, 
            "muscles": [
                5
            ], 
            "description": "", 
            "name": "Trizepsdr\u00fccken KH \u00fcber Kopf"
        }
    }, 
    {
        "pk": 27, 
        "model": "exercises.exercise", 
        "fields": {
            "category": 1, 
            "muscles": [
                5
            ], 
            "description": "", 
            "name": "Trizepsmaschine"
        }
    }, 
    {
        "pk": 31, 
        "model": "exercises.exercise", 
        "fields": {
            "category": 7, 
            "muscles": [
                4
            ], 
            "description": "", 
            "name": "Umsetzen"
        }
    }, 
    {
        "pk": 127, 
        "model": "exercises.exercise", 
        "fields": {
            "category": 13, 
            "muscles": [
                2
            ], 
            "description": "", 
            "name": "Upright Row"
        }
    }, 
    {
        "pk": 47, 
        "model": "exercises.exercise", 
        "fields": {
            "category": 5, 
            "muscles": [], 
            "description": "", 
            "name": "Vorgebeugtes Seitheben"
        }
    }, 
    {
        "pk": 23, 
        "model": "exercises.exercise", 
        "fields": {
            "category": 6, 
            "muscles": [
                7
            ], 
            "description": "", 
            "name": "Wadenheben an Hackenschmidt"
        }
    }, 
    {
        "pk": 14, 
        "model": "exercises.exercise", 
        "fields": {
            "category": 6, 
            "muscles": [
                7
            ], 
            "description": "", 
            "name": "Wadenheben sitzend"
        }
    }, 
    {
        "pk": 13, 
        "model": "exercises.exercise", 
        "fields": {
            "category": 6, 
            "muscles": [
                7
            ], 
            "description": "", 
            "name": "Wadenheben stehend"
        }
    }, 
    {
        "pk": 131, 
        "model": "exercises.exercise", 
        "fields": {
            "category": 10, 
            "muscles": [
                2, 
                1
            ], 
            "description": "", 
            "name": "test"
        }
    }, 
    {
        "pk": 40, 
        "model": "exercises.exercise", 
        "fields": {
            "category": 7, 
            "muscles": [
                4
            ], 
            "description": "", 
            "name": "\u00dcberzugmaschine"
        }
    }, 
    {
        "pk": 6, 
        "model": "exercises.exercisecomment", 
        "fields": {
            "comment": "Nach innen drehen, die Ellenbogen zeigen zum Knie", 
            "exercise": 33
        }
    }, 
    {
        "pk": 7, 
        "model": "exercises.exercisecomment", 
        "fields": {
            "comment": "Brust raus, Kopf nach hinten", 
            "exercise": 10
        }
    }, 
    {
        "pk": 8, 
        "model": "exercises.exercisecomment", 
        "fields": {
            "comment": "Mit Schwung nach unten ziehen", 
            "exercise": 10
        }
    }, 
    {
        "pk": 9, 
        "model": "exercises.exercisecomment", 
        "fields": {
            "comment": "Unten 1 Sekunde Pause, oben, 3", 
            "exercise": 7
        }
    }, 
    {
        "pk": 10, 
        "model": "exercises.exercisecomment", 
        "fields": {
            "comment": "Kopf in Nacken", 
            "exercise": 36
        }
    }, 
    {
        "pk": 11, 
        "model": "exercises.exercisecomment", 
        "fields": {
            "comment": "Brust raus", 
            "exercise": 36
        }
    }, 
    {
        "pk": 12, 
        "model": "exercises.exercisecomment", 
        "fields": {
            "comment": "Ellenbogen nach hinten", 
            "exercise": 36
        }
    }, 
    {
        "pk": 13, 
        "model": "exercises.exercisecomment", 
        "fields": {
            "comment": "Brust raus", 
            "exercise": 59
        }
    }, 
    {
        "pk": 14, 
        "model": "exercises.exercisecomment", 
        "fields": {
            "comment": "Keinen Bucken machen!", 
            "exercise": 59
        }
    }, 
    {
        "pk": 15, 
        "model": "exercises.exercisecomment", 
        "fields": {
            "comment": "Schnell nach oben ziehen", 
            "exercise": 59
        }
    }, 
    {
        "pk": 16, 
        "model": "exercises.exercisecomment", 
        "fields": {
            "comment": "Gerade sitzen", 
            "exercise": 10
        }
    }, 
    {
        "pk": 17, 
        "model": "exercises.exercisecomment", 
        "fields": {
            "comment": "Bank leicht schr\u00e4g", 
            "exercise": 19
        }
    }, 
    {
        "pk": 18, 
        "model": "exercises.exercisecomment", 
        "fields": {
            "comment": "Ellenbogen nach vorne", 
            "exercise": 19
        }
    }, 
    {
        "pk": 19, 
        "model": "exercises.exercisecomment", 
        "fields": {
            "comment": "Knie nach au\u00dfen", 
            "exercise": 6
        }
    }, 
    {
        "pk": 20, 
        "model": "exercises.exercisecomment", 
        "fields": {
            "comment": "Ellenbogen am K\u00f6rper, nicht bewegen", 
            "exercise": 46
        }
    }, 
    {
        "pk": 21, 
        "model": "exercises.exercisecomment", 
        "fields": {
            "comment": "Beine ausstrecken, F\u00fc\u00dfe zusammen", 
            "exercise": 46
        }
    }, 
    {
        "pk": 22, 
        "model": "exercises.exercisecomment", 
        "fields": {
            "comment": "Arme oben nicht ganz ausstrecken", 
            "exercise": 15
        }
    }, 
    {
        "pk": 23, 
        "model": "exercises.exercisecomment", 
        "fields": {
            "comment": "Nach unten gehen, bis die Schenkel parallel zum Boden sind", 
            "exercise": 7
        }
    }, 
    {
        "pk": 24, 
        "model": "exercises.exercisecomment", 
        "fields": {
            "comment": "Vorderen Fu\u00df ca 50% drau\u00dfen (schwebend)", 
            "exercise": 72
        }
    }, 
    {
        "pk": 25, 
        "model": "exercises.exercisecomment", 
        "fields": {
            "comment": "Brust raus", 
            "exercise": 72
        }
    }, 
    {
        "pk": 26, 
        "model": "exercises.exercisecomment", 
        "fields": {
            "comment": "Gerade sitzen", 
            "exercise": 49
        }
    }, 
    {
        "pk": 27, 
        "model": "exercises.exercisecomment", 
        "fields": {
            "comment": "Brust raus", 
            "exercise": 49
        }
    }, 
    {
        "pk": 28, 
        "model": "exercises.exercisecomment", 
        "fields": {
            "comment": "Fl\u00fcssige Bewegung, keine Pausen oben oder unten", 
            "exercise": 6
        }
    }, 
    {
        "pk": 29, 
        "model": "exercises.exercisecomment", 
        "fields": {
            "comment": "Ellenbogen nach au\u00dfen", 
            "exercise": 66
        }
    }, 
    {
        "pk": 30, 
        "model": "exercises.exercisecomment", 
        "fields": {
            "comment": "Beine nicht ganz ausstrecken", 
            "exercise": 35
        }
    }, 
    {
        "pk": 31, 
        "model": "exercises.exercisecomment", 
        "fields": {
            "comment": "Arme angewinkelt", 
            "exercise": 73
        }
    }, 
    {
        "pk": 32, 
        "model": "exercises.exercisecomment", 
        "fields": {
            "comment": "Arme nicht zu weit nach unten", 
            "exercise": 73
        }
    }, 
    {
        "pk": 33, 
        "model": "exercises.exercisecomment", 
        "fields": {
            "comment": "Arme nicht durchstrecken", 
            "exercise": 68
        }
    }, 
    {
        "pk": 34, 
        "model": "exercises.exercisecomment", 
        "fields": {
            "comment": "Ellenbogen nach hinten", 
            "exercise": 68
        }
    }, 
    {
        "pk": 35, 
        "model": "exercises.exercisecomment", 
        "fields": {
            "comment": "Ellenbogen nach au\u00dfen", 
            "exercise": 42
        }
    }, 
    {
        "pk": 36, 
        "model": "exercises.exercisecomment", 
        "fields": {
            "comment": "Arme hochziehen bis zum Kinn", 
            "exercise": 62
        }
    }, 
    {
        "pk": 37, 
        "model": "exercises.exercisecomment", 
        "fields": {
            "comment": "Eher einen engen Griff machen", 
            "exercise": 62
        }
    }, 
    {
        "pk": 38, 
        "model": "exercises.exercisecomment", 
        "fields": {
            "comment": "Wenn oben, die H\u00e4nde zeigen nach unten", 
            "exercise": 20
        }
    }, 
    {
        "pk": 39, 
        "model": "exercises.exercisecomment", 
        "fields": {
            "comment": "Brust raus, Kopf nach hinten", 
            "exercise": 48
        }
    }, 
    {
        "pk": 40, 
        "model": "exercises.exercisecomment", 
        "fields": {
            "comment": "R\u00fccken gerade", 
            "exercise": 48
        }
    }, 
    {
        "pk": 41, 
        "model": "exercises.exercisecomment", 
        "fields": {
            "comment": "Brust raus", 
            "exercise": 70
        }
    }, 
    {
        "pk": 42, 
        "model": "exercises.exercisecomment", 
        "fields": {
            "comment": "Fast horizontal vorgebeugt", 
            "exercise": 70
        }
    }, 
    {
        "pk": 43, 
        "model": "exercises.exercisecomment", 
        "fields": {
            "comment": "Zum Bauchnabel ziehen, nicht weiter oben", 
            "exercise": 70
        }
    }, 
    {
        "pk": 44, 
        "model": "exercises.exercisecomment", 
        "fields": {
            "comment": "Oben 1-2 Sekunden halten", 
            "exercise": 60
        }
    }, 
    {
        "pk": 45, 
        "model": "exercises.exercisecomment", 
        "fields": {
            "comment": "Brust raus", 
            "exercise": 37
        }
    }, 
    {
        "pk": 46, 
        "model": "exercises.exercisecomment", 
        "fields": {
            "comment": "Zum Bauchnabel ziehen, nicht weiter oben", 
            "exercise": 37
        }
    }, 
    {
        "pk": 47, 
        "model": "exercises.exercisecomment", 
        "fields": {
            "comment": "Fl\u00fcssige Bewegung, keine Pausen oben oder unten", 
            "exercise": 24
        }
    }, 
    {
        "pk": 48, 
        "model": "exercises.exercisecomment", 
        "fields": {
            "comment": "Fl\u00fcssige Bewegung, keine Pausen oben oder unten", 
            "exercise": 2
        }
    }, 
    {
        "pk": 49, 
        "model": "exercises.exercisecomment", 
        "fields": {
            "comment": "F\u00fc\u00dfe zusammen, nicht wie beim Ausfallschritt", 
            "exercise": 28
        }
    }, 
    {
        "pk": 50, 
        "model": "exercises.exercisecomment", 
        "fields": {
            "comment": "Arme eher zusammen, direkt unterm dem Ellenbogen auf die Bank", 
            "exercise": 28
        }
    }, 
    {
        "pk": 51, 
        "model": "exercises.exercisecomment", 
        "fields": {
            "comment": "Fl\u00fcssige Bewegung, keine Pausen oben oder unten", 
            "exercise": 28
        }
    }, 
    {
        "pk": 52, 
        "model": "exercises.exercisecomment", 
        "fields": {
            "comment": "Arme ganz ausstrecken", 
            "exercise": 28
        }
    }, 
    {
        "pk": 54, 
        "model": "exercises.exercisecomment", 
        "fields": {
            "comment": "R\u00fccken gerade, keinen Buckel machen!", 
            "exercise": 76
        }
    }, 
    {
        "pk": 55, 
        "model": "exercises.exercisecomment", 
        "fields": {
            "comment": "Oben keine Pause, sofort wieder runter.", 
            "exercise": 55
        }
    }, 
    {
        "pk": 56, 
        "model": "exercises.exercisecomment", 
        "fields": {
            "comment": "Etwas in die Knie gehen und nach hinten ziehen", 
            "exercise": 76
        }
    }, 
    {
        "pk": 57, 
        "model": "exercises.exercisecomment", 
        "fields": {
            "comment": "Schnell nach untern ziehen.", 
            "exercise": 33
        }
    }
]